Sports Shoes,E-Scooter,,Kitchenware,Mobile Phone,
,,,,Mobile Phone,Wearables
,E-Scooter,Tablets,Kitchenware,Mobile Phone,
,,,Kitchenware,Mobile Phone,Wearables
,,Tablets,Kitchenware,,Wearables
Sports Shoes,E-Scooter,Tablets,,,Wearables
Sports Shoes,E-Scooter,Tablets,Kitchenware,Mobile Phone,
Sports Shoes,E-Scooter,,Kitchenware,Mobile Phone,
Sports Shoes,,,Kitchenware,Mobile Phone,Wearables
Sports Shoes,E-Scooter,Tablets,Kitchenware,Mobile Phone,Wearables
,E-Scooter,Tablets,,Mobile Phone,Wearables
Sports Shoes,,Tablets,Kitchenware,Mobile Phone,
,,Tablets,Kitchenware,,Wearables
Sports Shoes,E-Scooter,Tablets,,Mobile Phone,Wearables
Sports Shoes,E-Scooter,Tablets,Kitchenware,Mobile Phone,Wearables
Sports Shoes,,Tablets,,,Wearables
Sports Shoes,E-Scooter,,Kitchenware,,Wearables
Sports Shoes,E-Scooter,Tablets,Kitchenware,Mobile Phone,
Sports Shoes,,Tablets,,,Wearables
Sports Shoes,E-Scooter,,Kitchenware,Mobile Phone,
,E-Scooter,,,Mobile Phone,
Sports Shoes,,Tablets,Kitchenware,,Wearables
Sports Shoes,,,,Mobile Phone,Wearables
Sports Shoes,,,,Mobile Phone,Wearables
Sports Shoes,,Tablets,,,Wearables
Sports Shoes,E-Scooter,,Kitchenware,,Wearables
Sports Shoes,E-Scooter,,,,Wearables
