<MI_WMS_MapDefinition version="1.0" wms_version="1.1.1"><HTTP GetCapabilities="http://maps.omniscale.net/wms/demo/default/service?" GetMap="http://maps.omniscale.net/wms/demo/default/service"/><Exception format="application/vnd.ogc.se_xml"/><SRS>EPSG:4326</SRS><Image bgcolor="16777215" transparent="true" format="image/png"/><Layer><Name>osm</Name><Style></Style><LatLonBoundingBox minx="-180" miny="-90" maxx="180" maxy="90"/><BoundingBox SRS="EPSG:4326" minx="-180" miny="-90" maxx="180" maxy="90"/></Layer></MI_WMS_MapDefinition>
